{"cmd":"gw","seqno":131358881,"EUI":"0018B2000000185A","ts":1569166809116,"fcnt":6,"port":1,"freq":868500000,"toa":1482,"dr":"SF12 BW125 4/5","ack":false,"gws":[{"rssi":-91,"snr":-14.2,"ts":1569166809136,"tmms":1071,"time":"2019-09-22T15:40:09.071191999Z","gweui":"F03D29FFFF0000B9","lat":49.21557924054506,"lon":16.635406077384914},{"rssi":-114,"snr":-13,"ts":1569166809116,"tmms":1071,"time":"2019-09-22T15:40:09.071179071Z","gweui":"024B08FFFF0500A9","lat":49.1988101,"lon":16.5795896},{"rssi":-115,"snr":-10,"ts":1569166809123,"tmms":1253202027071,"time":"2019-09-22T15:40:08.071179000Z","gweui":"B827EBFFFFDB1D51","lat":49.200309,"lon":16.60869630000002}],"bat":204,"data":"af1608030fc87000"}
{"cmd":"gw","seqno":131358649,"EUI":"0018B2000000185A","ts":1569166750543,"fcnt":5,"port":1,"freq":868300000,"toa":1482,"dr":"SF12 BW125 4/5","ack":false,"gws":[{"rssi":-95,"snr":-7.5,"ts":1569166750556,"tmms":508,"time":"2019-09-22T15:39:10.508076016Z","gweui":"024B08FFFF0500A9","lat":49.1988101,"lon":16.5795896},{"rssi":-107,"snr":-9.8,"ts":1569166750544,"tmms":1253201968507,"time":"2019-09-22T15:39:10.508075000Z","gweui":"B827EBFFFFDB1D51","lat":49.200309,"lon":16.60869630000002},{"rssi":-116,"snr":-14.5,"ts":1569166750548,"tmms":508,"time":"2019-09-22T15:39:10.508093000Z","gweui":"F03D29FFFF0000DE","lat":49.22252347260546,"lon":16.674682654119806},{"rssi":-117,"snr":-11.2,"ts":1569166750559,"tmms":1253201968508,"time":"2019-09-22T15:39:10.508081000Z","gweui":"B827EBFFFFCD6770","lat":49.22356881964083,"lon":16.626209675203654},{"rssi":-118,"snr":-18,"ts":1569166750592,"tmms":508,"time":"2019-09-22T15:39:10.508082000Z","gweui":"F03D29FFFF0000B9","lat":49.21557924054506,"lon":16.635406077384914},{"rssi":-121,"snr":-15.5,"ts":1569166750543,"tmms":1253201968508,"time":"2019-09-22T15:39:10.508101000Z","gweui":"B827EBFFFF0E17C5","lat":49.28986924124879,"lon":16.578426334918277}],"bat":204,"data":"af1706020fc87000"}
{"cmd":"gw","seqno":131358459,"EUI":"0018B2000000185A","ts":1569166698019,"fcnt":4,"port":1,"freq":868500000,"toa":1482,"dr":"SF12 BW125 4/5","ack":false,"gws":[{"rssi":-117,"snr":-2.8,"ts":1569166698024,"tmms":1253201915978,"time":"2019-09-22T15:38:17.978895000Z","gweui":"B827EBFFFFDB1D51","lat":49.200309,"lon":16.60869630000002},{"rssi":-118,"snr":-9.2,"ts":1569166698061,"tmms":978,"time":"2019-09-22T15:38:17.978908000Z","gweui":"F03D29FFFF0000B9","lat":49.21557924054506,"lon":16.635406077384914},{"rssi":-120,"snr":-9.8,"ts":1569166698019,"tmms":1253201915979,"time":"2019-09-22T15:38:17.978905000Z","gweui":"B827EBFFFFCD6770","lat":49.22356881964083,"lon":16.626209675203654}],"bat":204,"data":"af1604010fc875fd"}
{"cmd":"gw","seqno":131358216,"EUI":"0018B2000000185A","ts":1569166634199,"fcnt":3,"port":1,"freq":868300000,"toa":1482,"dr":"SF12 BW125 4/5","ack":false,"gws":[{"rssi":-109,"snr":-5,"ts":1569166634203,"tmms":1253201852165,"time":"2019-09-22T15:37:14.165901000Z","gweui":"B827EBFFFFDB1D51","lat":49.200309,"lon":16.60869630000002},{"rssi":-117,"snr":-10,"ts":1569166634199,"tmms":1253201852166,"time":"2019-09-22T15:37:14.165911000Z","gweui":"B827EBFFFFCD6770","lat":49.22356881964083,"lon":16.626209675203654},{"rssi":-120,"snr":-7.5,"ts":1569166634256,"tmms":165,"time":"2019-09-22T15:37:14.165910165Z","gweui":"F03D29FFFF0000B9","lat":49.21557924054506,"lon":16.635406077384914},{"rssi":-121,"snr":-12.2,"ts":1569166634203,"tmms":1253201852166,"time":"2019-09-22T15:37:14.165932000Z","gweui":"B827EBFFFF0E17C5","lat":49.28986924124879,"lon":16.578426334918277}],"bat":204,"data":"af1702000fc86e01"}
{"cmd":"gw","seqno":131358016,"EUI":"0018B2000000185A","ts":1569166576543,"fcnt":2,"port":1,"freq":868300000,"toa":1482,"dr":"SF12 BW125 4/5","ack":false,"gws":[{"rssi":-115,"snr":-8.2,"ts":1569166576556,"tmms":505,"time":"2019-09-22T15:36:16.505723505Z","gweui":"024B08FFFF0500A9","lat":49.1988101,"lon":16.5795896},{"rssi":-119,"snr":-6.5,"ts":1569166576544,"tmms":1253201794510,"time":"2019-09-22T15:36:16.510661999Z","gweui":"B827EBFFFFDB1D51","lat":49.200309,"lon":16.60869630000002},{"rssi":-121,"snr":-12.5,"ts":1569166576543,"tmms":1253201794505,"time":"2019-09-22T15:36:16.505754999Z","gweui":"B827EBFFFF0E17C5","lat":49.28986924124879,"lon":16.578426334918277}],"bat":204,"data":"af1601000fc87cf8"}
{"cmd":"gw","seqno":131357827,"EUI":"0018B2000000185A","ts":1569166527277,"fcnt":1,"port":1,"freq":868300000,"toa":1318,"dr":"SF12 BW125 4/5","ack":false,"gws":[{"rssi":-111,"snr":-7.5,"ts":1569166527283,"tmms":1253201745232,"time":"2019-09-22T15:35:27.232317000Z","gweui":"B827EBFFFFDB1D51","lat":49.200309,"lon":16.60869630000002},{"rssi":-111,"snr":-16.2,"ts":1569166527277,"tmms":232,"time":"2019-09-22T15:35:27.232317232Z","gweui":"024B08FFFF0500A9","lat":49.1988101,"lon":16.5795896}],"bat":204,"data":"8e1600000fce"}
{"cmd":"gw","seqno":131346637,"EUI":"0018B2000000185A","ts":1569163528488,"fcnt":6,"port":1,"freq":868300000,"toa":1646,"dr":"SF12 BW125 4/5","ack":false,"gws":[{"rssi":-97,"snr":7.8,"ts":1569163528530,"tmms":446,"time":"2019-09-22T14:45:28.446195000Z","gweui":"F03D29FFFF0000B9","lat":49.21557924054506,"lon":16.635406077384914},{"rssi":-108,"snr":1,"ts":1569163528488,"tmms":446,"time":"2019-09-22T14:45:28.446203000Z","gweui":"F03D29FFFF0000DE","lat":49.22252347260546,"lon":16.674682654119806}],"bat":204,"data":"bf174913080001638260380a050fc96605"}
{"cmd":"gw","seqno":131346421,"EUI":"0018B2000000185A","ts":1569163473748,"fcnt":5,"port":1,"freq":868500000,"toa":1646,"dr":"SF12 BW125 4/5","ack":false,"gws":[{"rssi":-102,"snr":-8.2,"ts":1569163473748,"tmms":696,"time":"2019-09-22T14:44:33.696000000Z","gweui":"F03D29FFFF0000DE","lat":49.22252347260546,"lon":16.674682654119806},{"rssi":-104,"snr":-5.2,"ts":1569163473774,"tmms":695,"time":"2019-09-22T14:44:33.695990000Z","gweui":"F03D29FFFF0000B9","lat":49.21557924054506,"lon":16.635406077384914}],"bat":204,"data":"bf1749130830016382601607040fc66b04"}
{"cmd":"gw","seqno":131346231,"EUI":"0018B2000000185A","ts":1569163422589,"fcnt":4,"port":1,"freq":868500000,"toa":1646,"dr":"SF12 BW125 4/5","ack":false,"gws":[{"rssi":-115,"snr":-3.8,"ts":1569163422589,"tmms":519,"time":"2019-09-22T14:43:42.519817000Z","gweui":"F03D29FFFF0000B9","lat":49.21557924054506,"lon":16.635406077384914}],"bat":204,"data":"bf1649130840016382601705030fc86d02"}
{"cmd":"gw","seqno":131346082,"EUI":"0018B2000000185A","ts":1569163376462,"fcnt":3,"port":1,"freq":868500000,"toa":1646,"dr":"SF12 BW125 4/5","ack":false,"gws":[{"rssi":-110,"snr":-1.5,"ts":1569163376462,"tmms":384,"time":"2019-09-22T14:42:56.384428000Z","gweui":"F03D29FFFF0000B9","lat":49.21557924054506,"lon":16.635406077384914}],"bat":204,"data":"bf1749130840016382601703020fcb6c03"}
{"cmd":"gw","seqno":131345909,"EUI":"0018B2000000185A","ts":1569163327988,"fcnt":2,"port":1,"freq":868500000,"toa":1646,"dr":"SF12 BW125 4/5","ack":false,"gws":[{"rssi":-109,"snr":-5.2,"ts":1569163327988,"tmms":954,"time":"2019-09-22T14:42:07.954175000Z","gweui":"F03D29FFFF0000DE","lat":49.22252347260546,"lon":16.674682654119806}],"bat":204,"data":"bf1749130940016382502401010fcb6905"}
{"cmd":"gw","seqno":131345695,"EUI":"0018B2000000185A","ts":1569163271828,"fcnt":1,"port":1,"freq":868500000,"toa":1318,"dr":"SF12 BW125 4/5","ack":false,"gws":[{"rssi":-100,"snr":-4.2,"ts":1569163271863,"tmms":792,"time":"2019-09-22T14:41:11.792994792Z","gweui":"F03D29FFFF0000B9","lat":49.21557924054506,"lon":16.635406077384914},{"rssi":-110,"snr":-5.2,"ts":1569163271828,"tmms":793,"time":"2019-09-22T14:41:11.793004000Z","gweui":"F03D29FFFF0000DE","lat":49.22252347260546,"lon":16.674682654119806}],"bat":204,"data":"8e1600000fce"}
{"cmd":"gw","seqno":131344357,"EUI":"0018B2000000185A","ts":1569162895308,"fcnt":5,"port":1,"freq":868500000,"toa":1646,"dr":"SF12 BW125 4/5","ack":false,"gws":[{"rssi":-95,"snr":1.8,"ts":1569162895327,"tmms":263,"time":"2019-09-22T14:34:55.263236000Z","gweui":"F03D29FFFF0000B9","lat":49.21557924054506,"lon":16.635406077384914},{"rssi":-113,"snr":-9.8,"ts":1569162895308,"tmms":263,"time":"2019-09-22T14:34:55.263245000Z","gweui":"F03D29FFFF0000DE","lat":49.22252347260546,"lon":16.674682654119806}],"bat":204,"data":"bf1849133700016382201608040fcd6006"}
{"cmd":"gw","seqno":131344181,"EUI":"0018B2000000185A","ts":1569162845668,"fcnt":4,"port":1,"freq":868500000,"toa":1646,"dr":"SF12 BW125 4/5","ack":false,"gws":[{"rssi":-92,"snr":-7.5,"ts":1569162845668,"tmms":633,"time":"2019-09-22T14:34:05.633066000Z","gweui":"F03D29FFFF0000DE","lat":49.22252347260546,"lon":16.674682654119806},{"rssi":-93,"snr":-0.5,"ts":1569162845717,"tmms":633,"time":"2019-09-22T14:34:05.633055000Z","gweui":"F03D29FFFF0000B9","lat":49.21557924054506,"lon":16.635406077384914}],"bat":204,"data":"bf1849133690016382203706030fcc5f08"}
{"cmd":"gw","seqno":131343965,"EUI":"0018B2000000185A","ts":1569162790160,"fcnt":3,"port":1,"freq":868300000,"toa":1646,"dr":"SF12 BW125 4/5","ack":false,"gws":[{"rssi":-108,"snr":1.2,"ts":1569162790168,"tmms":1117,"time":"2019-09-22T14:33:10.117877999Z","gweui":"F03D29FFFF0000DE","lat":49.22252347260546,"lon":16.674682654119806},{"rssi":-112,"snr":3.2,"ts":1569162790192,"tmms":1117,"time":"2019-09-22T14:33:10.117867117Z","gweui":"F03D29FFFF0000B9","lat":49.21557924054506,"lon":16.635406077384914},{"rssi":-119,"snr":-10,"ts":1569162790160,"tmms":1253198008117,"time":"2019-09-22T14:33:09.117874000Z","gweui":"B827EBFFFFCD6770","lat":49.22356881964083,"lon":16.626209675203654}],"bat":204,"data":"bf1849133690016382203704020fcc6b05"}
{"cmd":"gw","seqno":131343790,"EUI":"0018B2000000185A","ts":1569162739880,"fcnt":2,"port":1,"freq":868300000,"toa":1646,"dr":"SF12 BW125 4/5","ack":false,"gws":[{"rssi":-94,"snr":-12.8,"ts":1569162739880,"tmms":1253197957842,"time":"2019-09-22T14:32:19.842562000Z","gweui":"B827EBFFFFCD6770","lat":49.22356881964083,"lon":16.626209675203654},{"rssi":-96,"snr":8.8,"ts":1569162739913,"tmms":842,"time":"2019-09-22T14:32:19.842557000Z","gweui":"F03D29FFFF0000B9","lat":49.21557924054506,"lon":16.635406077384914},{"rssi":-111,"snr":1.2,"ts":1569162739889,"tmms":842,"time":"2019-09-22T14:32:19.842563000Z","gweui":"F03D29FFFF0000DE","lat":49.22252347260546,"lon":16.674682654119806}],"bat":204,"data":"bf1849133700016382101602010fd05e07"}
{"cmd":"gw","seqno":131343618,"EUI":"0018B2000000185A","ts":1569162692140,"fcnt":1,"port":1,"freq":868300000,"toa":1318,"dr":"SF12 BW125 4/5","ack":false,"gws":[{"rssi":-100,"snr":5,"ts":1569162692156,"tmms":1095,"time":"2019-09-22T14:31:32.095280000Z","gweui":"F03D29FFFF0000B9","lat":49.21557924054506,"lon":16.635406077384914},{"rssi":-110,"snr":0.2,"ts":1569162692148,"tmms":1095,"time":"2019-09-22T14:31:32.095288000Z","gweui":"F03D29FFFF0000DE","lat":49.22252347260546,"lon":16.674682654119806},{"rssi":-115,"snr":-13,"ts":1569162692140,"tmms":1253197910095,"time":"2019-09-22T14:31:31.095286000Z","gweui":"B827EBFFFFCD6770","lat":49.22356881964083,"lon":16.626209675203654}],"bat":204,"data":"8e1700000fcf"}
{"cmd":"gw","seqno":131342195,"EUI":"0018B2000000185A","ts":1569162311188,"fcnt":5,"port":1,"freq":868500000,"toa":1646,"dr":"SF12 BW125 4/5","ack":false,"gws":[{"rssi":-97,"snr":5.8,"ts":1569162311235,"tmms":1153,"time":"2019-09-22T14:25:11.153010000Z","gweui":"F03D29FFFF0000B9","lat":49.21557924054506,"lon":16.635406077384914},{"rssi":-114,"snr":-5.2,"ts":1569162311188,"tmms":1153,"time":"2019-09-22T14:25:11.153010000Z","gweui":"F03D29FFFF0000DE","lat":49.22252347260546,"lon":16.674682654119806}],"bat":204,"data":"bf1949136340016383403907040fcd6006"}
{"cmd":"gw","seqno":131341990,"EUI":"0018B2000000185A","ts":1569162251900,"fcnt":4,"port":1,"freq":868300000,"toa":1646,"dr":"SF12 BW125 4/5","ack":false,"gws":[{"rssi":-95,"snr":8.8,"ts":1569162251935,"tmms":863,"time":"2019-09-22T14:24:11.863364000Z","gweui":"F03D29FFFF0000B9","lat":49.21557924054506,"lon":16.635406077384914},{"rssi":-114,"snr":-2,"ts":1569162251908,"tmms":863,"time":"2019-09-22T14:24:11.863366000Z","gweui":"F03D29FFFF0000DE","lat":49.22252347260546,"lon":16.674682654119806},{"rssi":-117,"snr":-4.5,"ts":1569162251900,"tmms":1253197469862,"time":"2019-09-22T14:24:11.863366000Z","gweui":"B827EBFFFFCD6770","lat":49.22356881964083,"lon":16.626209675203654}],"bat":204,"data":"bf1949136340016383403905030fce5f07"}
{"cmd":"gw","seqno":131341807,"EUI":"0018B2000000185A","ts":1569162202388,"fcnt":3,"port":1,"freq":868500000,"toa":1646,"dr":"SF12 BW125 4/5","ack":false,"gws":[{"rssi":-94,"snr":3.2,"ts":1569162202416,"tmms":348,"time":"2019-09-22T14:23:22.348167000Z","gweui":"F03D29FFFF0000B9","lat":49.21557924054506,"lon":16.635406077384914},{"rssi":-105,"snr":0.8,"ts":1569162202388,"tmms":348,"time":"2019-09-22T14:23:22.348171000Z","gweui":"F03D29FFFF0000DE","lat":49.22252347260546,"lon":16.674682654119806},{"rssi":-116,"snr":-16,"ts":1569162202400,"tmms":1253197420347,"time":"2019-09-22T14:23:22.348168000Z","gweui":"B827EBFFFFCD6770","lat":49.22356881964083,"lon":16.626209675203654}],"bat":204,"data":"bf1a49136340016383403903020fd05e07"}
{"cmd":"gw","seqno":131341634,"EUI":"0018B2000000185A","ts":1569162152148,"fcnt":2,"port":1,"freq":868500000,"toa":1646,"dr":"SF12 BW125 4/5","ack":false,"gws":[{"rssi":-92,"snr":7.5,"ts":1569162152181,"tmms":1112,"time":"2019-09-22T14:22:32.112897999Z","gweui":"F03D29FFFF0000B9","lat":49.21557924054506,"lon":16.635406077384914},{"rssi":-96,"snr":-7.5,"ts":1569162152148,"tmms":1112,"time":"2019-09-22T14:22:32.112896000Z","gweui":"F03D29FFFF0000DE","lat":49.22252347260546,"lon":16.674682654119806},{"rssi":-97,"snr":-10.2,"ts":1569162152160,"tmms":1253197370113,"time":"2019-09-22T14:22:31.112896000Z","gweui":"B827EBFFFFCD6770","lat":49.22356881964083,"lon":16.626209675203654}],"bat":204,"data":"bf1a49136340016383403901010fd06006"}
{"cmd":"gw","seqno":131341353,"EUI":"0018B2000000185A","ts":1569162080981,"fcnt":1,"port":1,"freq":868500000,"toa":1318,"dr":"SF12 BW125 4/5","ack":false,"gws":[{"rssi":-99,"snr":1,"ts":1569162080981,"tmms":921,"time":"2019-09-22T14:21:20.921891000Z","gweui":"F03D29FFFF0000B9","lat":49.21557924054506,"lon":16.635406077384914}],"bat":204,"data":"8e1900000fcf"}
{"cmd":"gw","seqno":131340188,"EUI":"0018B2000000185A","ts":1569161769420,"fcnt":6,"port":1,"freq":868500000,"toa":1646,"dr":"SF12 BW125 4/5","ack":false,"gws":[{"rssi":-100,"snr":-3.2,"ts":1569161769459,"tmms":372,"time":"2019-09-22T14:16:09.372596000Z","gweui":"F03D29FFFF0000B9","lat":49.21557924054506,"lon":16.635406077384914},{"rssi":-107,"snr":-11.2,"ts":1569161769420,"tmms":1253196987372,"time":"2019-09-22T14:16:09.372597000Z","gweui":"B827EBFFFFCD6770","lat":49.22356881964083,"lon":16.626209675203654}],"bat":204,"data":"bf1c4913779001638630380a050fce6e02"}
{"cmd":"gw","seqno":131339989,"EUI":"0018B2000000185A","ts":1569161714040,"fcnt":5,"port":1,"freq":868100000,"toa":1646,"dr":"SF12 BW125 4/5","ack":false,"gws":[{"rssi":-99,"snr":-1.8,"ts":1569161714069,"tmms":1000,"time":"2019-09-22T14:15:14.000334999Z","gweui":"F03D29FFFF0000B9","lat":49.21557924054506,"lon":16.635406077384914},{"rssi":-101,"snr":-4.2,"ts":1569161714040,"tmms":1253196932000,"time":"2019-09-22T14:15:14.000335999Z","gweui":"B827EBFFFFCD6770","lat":49.22356881964083,"lon":16.626209675203654},{"rssi":-110,"snr":-11.2,"ts":1569161714050,"tmms":1000,"time":"2019-09-22T14:15:14.000336000Z","gweui":"F03D29FFFF0000DE","lat":49.22252347260546,"lon":16.674682654119806}],"bat":204,"data":"bf1c49137800016386303807040fd06506"}
{"cmd":"gw","seqno":131339820,"EUI":"0018B2000000185A","ts":1569161665320,"fcnt":4,"port":1,"freq":868300000,"toa":1646,"dr":"SF12 BW125 4/5","ack":false,"gws":[{"rssi":-101,"snr":6.2,"ts":1569161665377,"tmms":285,"time":"2019-09-22T14:14:25.285026000Z","gweui":"F03D29FFFF0000B9","lat":49.21557924054506,"lon":16.635406077384914},{"rssi":-113,"snr":-1.8,"ts":1569161665328,"tmms":285,"time":"2019-09-22T14:14:25.285028000Z","gweui":"F03D29FFFF0000DE","lat":49.22252347260546,"lon":16.674682654119806},{"rssi":-113,"snr":-4,"ts":1569161665320,"tmms":1253196883285,"time":"2019-09-22T14:14:25.285019000Z","gweui":"B827EBFFFFCD6770","lat":49.22356881964083,"lon":16.626209675203654},{"rssi":-120,"snr":-13.2,"ts":1569161665320,"tmms":1253196883285,"time":"2019-09-22T14:14:25.285040000Z","gweui":"B827EBFFFFDF9F4B","lat":49.177266995184766,"lon":16.62040805710444}],"bat":204,"data":"bf1d49137810016386303805030fcf6905"}
{"cmd":"gw","seqno":131339614,"EUI":"0018B2000000185A","ts":1569161610440,"fcnt":3,"port":1,"freq":868100000,"toa":1646,"dr":"SF12 BW125 4/5","ack":false,"gws":[{"rssi":-104,"snr":-0.8,"ts":1569161610454,"tmms":398,"time":"2019-09-22T14:13:30.398325000Z","gweui":"F03D29FFFF0000B9","lat":49.21557924054506,"lon":16.635406077384914},{"rssi":-112,"snr":-3.5,"ts":1569161610449,"tmms":398,"time":"2019-09-22T14:13:30.398328000Z","gweui":"F03D29FFFF0000DE","lat":49.22252347260546,"lon":16.674682654119806},{"rssi":-115,"snr":-7.2,"ts":1569161610440,"tmms":1253196828398,"time":"2019-09-22T14:13:30.398327000Z","gweui":"B827EBFFFFCD6770","lat":49.22356881964083,"lon":16.626209675203654}],"bat":204,"data":"bf1d49137810016386303803020fcf6905"}
{"cmd":"gw","seqno":131339403,"EUI":"0018B2000000185A","ts":1569161555060,"fcnt":2,"port":1,"freq":868300000,"toa":1646,"dr":"SF12 BW125 4/5","ack":false,"gws":[{"rssi":-106,"snr":5,"ts":1569161555099,"tmms":1024,"time":"2019-09-22T14:12:35.024567000Z","gweui":"F03D29FFFF0000B9","lat":49.21557924054506,"lon":16.635406077384914},{"rssi":-117,"snr":-14.2,"ts":1569161555078,"tmms":1024,"time":"2019-09-22T14:12:35.024585024Z","gweui":"024B08FFFF0500A9","lat":49.1988101,"lon":16.5795896},{"rssi":-120,"snr":-12.2,"ts":1569161555060,"tmms":1253196773024,"time":"2019-09-22T14:12:35.024578999Z","gweui":"B827EBFFFFDF9F4B","lat":49.177266995184766,"lon":16.62040805710444},{"rssi":-123,"snr":-14.2,"ts":1569161555062,"time":"2019-09-22T14:12:35.056736Z","gweui":"647FDAFFFF0069C4","lat":49.18829191400415,"lon":16.532425804318223}],"bat":204,"data":"bf1e49137800016386303801010fcf6b04"}
{"cmd":"gw","seqno":131339107,"EUI":"0018B2000000185A","ts":1569161471660,"fcnt":1,"port":1,"freq":868100000,"toa":1318,"dr":"SF12 BW125 4/5","ack":false,"gws":[{"rssi":-88,"snr":0,"ts":1569161471689,"tmms":622,"time":"2019-09-22T14:11:11.622687000Z","gweui":"F03D29FFFF0000B9","lat":49.21557924054506,"lon":16.635406077384914},{"rssi":-95,"snr":-0.2,"ts":1569161471660,"tmms":1253196689622,"time":"2019-09-22T14:11:11.622684000Z","gweui":"B827EBFFFFCD6770","lat":49.22356881964083,"lon":16.626209675203654},{"rssi":-107,"snr":0,"ts":1569161471668,"tmms":622,"time":"2019-09-22T14:11:11.622688000Z","gweui":"F03D29FFFF0000DE","lat":49.22252347260546,"lon":16.674682654119806}],"bat":204,"data":"8e1d00000fd3"}
{"cmd":"gw","seqno":131337945,"EUI":"0018B2000000185A","ts":1569161160068,"fcnt":5,"port":1,"freq":868300000,"toa":1646,"dr":"SF12 BW125 4/5","ack":false,"gws":[{"rssi":-101,"snr":6,"ts":1569161160250,"tmms":1033,"time":"2019-09-22T14:06:00.033743999Z","gweui":"F03D29FFFF0000B9","lat":49.21557924054506,"lon":16.635406077384914},{"rssi":-114,"snr":-9.2,"ts":1569161160080,"tmms":1253196378033,"time":"2019-09-22T14:06:00.033741000Z","gweui":"B827EBFFFFCD6770","lat":49.22356881964083,"lon":16.626209675203654},{"rssi":-119,"snr":-10.5,"ts":1569161160080,"tmms":1253196378033,"time":"2019-09-22T14:06:00.033757999Z","gweui":"B827EBFFFFDF9F4B","lat":49.177266995184766,"lon":16.62040805710444},{"rssi":-120,"snr":-15.8,"ts":1569161160068,"tmms":1033,"time":"2019-09-22T14:06:00.033741999Z","gweui":"F03D29FFFF0000DE","lat":49.22252347260546,"lon":16.674682654119806}],"bat":204,"data":"bf1d49139300016390103808040fd36d03"}
{"cmd":"gw","seqno":131337703,"EUI":"0018B2000000185A","ts":1569161103339,"fcnt":4,"port":1,"freq":868500000,"toa":1646,"dr":"SF12 BW125 4/5","ack":false,"gws":[{"rssi":-107,"snr":-2.2,"ts":1569161103339,"tmms":278,"time":"2019-09-22T14:05:03.278427000Z","gweui":"F03D29FFFF0000B9","lat":49.21557924054506,"lon":16.635406077384914}],"bat":204,"data":"bf1c49139300016390101706030fd36e01"}
{"cmd":"gw","seqno":131337420,"EUI":"0018B2000000185A","ts":1569161034573,"fcnt":3,"port":1,"freq":868500000,"toa":1646,"dr":"SF12 BW125 4/5","ack":false,"gws":[{"rssi":-105,"snr":-1.8,"ts":1569161034573,"tmms":523,"time":"2019-09-22T14:03:54.523508000Z","gweui":"F03D29FFFF0000B9","lat":49.21557924054506,"lon":16.635406077384914}],"bat":204,"data":"bf1b49139290016390101703020fd375fd"}
{"cmd":"gw","seqno":131337239,"EUI":"0018B2000000185A","ts":1569160985920,"fcnt":2,"port":1,"freq":868300000,"toa":1646,"dr":"SF12 BW125 4/5","ack":false,"gws":[{"rssi":-106,"snr":-3.2,"ts":1569160985953,"tmms":868,"time":"2019-09-22T14:03:05.868159000Z","gweui":"F03D29FFFF0000B9","lat":49.21557924054506,"lon":16.635406077384914},{"rssi":-106,"snr":-11.5,"ts":1569160985920,"tmms":1253196203868,"time":"2019-09-22T14:03:05.868153000Z","gweui":"B827EBFFFFCD6770","lat":49.22356881964083,"lon":16.626209675203654},{"rssi":-119,"snr":-15.2,"ts":1569160985920,"tmms":1253196203868,"time":"2019-09-22T14:03:05.868169000Z","gweui":"B827EBFFFFDF9F4B","lat":49.177266995184766,"lon":16.62040805710444}],"bat":204,"data":"bf1a49139280016390101801010fd16504"}
{"cmd":"gw","seqno":131336821,"EUI":"0018B2000000185A","ts":1569160885160,"fcnt":1,"port":1,"freq":868500000,"toa":1318,"dr":"SF12 BW125 4/5","ack":false,"gws":[{"rssi":-104,"snr":-3.5,"ts":1569160885198,"tmms":1112,"time":"2019-09-22T14:01:25.112597000Z","gweui":"F03D29FFFF0000B9","lat":49.21557924054506,"lon":16.635406077384914},{"rssi":-109,"snr":-15.5,"ts":1569160885160,"tmms":1253196103112,"time":"2019-09-22T14:01:24.112595000Z","gweui":"B827EBFFFFCD6770","lat":49.22356881964083,"lon":16.626209675203654}],"bat":204,"data":"8e1800000fd5"}
{"cmd":"gw","seqno":131335023,"EUI":"0018B2000000185A","ts":1569160421208,"fcnt":3,"port":1,"freq":868500000,"toa":1646,"dr":"SF12 BW125 4/5","ack":false,"gws":[{"rssi":-89,"snr":3.2,"ts":1569160421255,"tmms":1172,"time":"2019-09-22T13:53:41.172838999Z","gweui":"F03D29FFFF0000B9","lat":49.21557924054506,"lon":16.635406077384914},{"rssi":-96,"snr":-2.8,"ts":1569160421208,"tmms":1172,"time":"2019-09-22T13:53:41.172836000Z","gweui":"F03D29FFFF0000DE","lat":49.22252347260546,"lon":16.674682654119806},{"rssi":-100,"snr":-1.2,"ts":1569160421217,"tmms":0,"time":"2019-09-22T13:53:41.686703414Z","gweui":"647FDAFFFF006A99","lat":49.12997298850661,"lon":16.611990852535996}],"bat":204,"data":"bf1949141260016390303b04020fd95f07"}
{"cmd":"gw","seqno":131333283,"EUI":"0018B2000000185A","ts":1569159953160,"fcnt":6,"port":1,"freq":868100000,"toa":1646,"dr":"SF12 BW125 4/5","ack":false,"gws":[{"rssi":-107,"snr":-2,"ts":1569159953169,"tmms":1124,"time":"2019-09-22T13:45:53.124360999Z","gweui":"F03D29FFFF0000DE","lat":49.22252347260546,"lon":16.674682654119806},{"rssi":-114,"snr":-13.8,"ts":1569159953160,"tmms":1253195171123,"time":"2019-09-22T13:45:52.124354000Z","gweui":"B827EBFFFFCD6770","lat":49.22356881964083,"lon":16.626209675203654}],"bat":204,"data":"bf1a49143860016392603c0a050fd86507"}
{"cmd":"gw","seqno":131335524,"EUI":"0018B2000000185A","ts":1569160569149,"fcnt":6,"port":1,"freq":868100000,"toa":1646,"dr":"SF12 BW125 4/5","ack":false,"gws":[{"rssi":-90,"snr":-2.5,"ts":1569160569196,"tmms":1104,"time":"2019-09-22T13:56:09.104662000Z","gweui":"F03D29FFFF0000B9","lat":49.21557924054506,"lon":16.635406077384914},{"rssi":-97,"snr":-8.2,"ts":1569160569150,"tmms":1253195787104,"time":"2019-09-22T13:56:08.104671000Z","gweui":"B827EBFFFFDB1D51","lat":49.200309,"lon":16.60869630000002},{"rssi":-105,"snr":-1,"ts":1569160569148,"tmms":0,"time":"2019-09-22T13:56:09.618528262Z","gweui":"647FDAFFFF006A99","lat":49.12997298850661,"lon":16.611990852535996},{"rssi":-105,"snr":-3.2,"ts":1569160569149,"tmms":1253195787104,"time":"2019-09-22T13:56:08.104674000Z","gweui":"B827EBFFFFDF9F4B","lat":49.177266995184766,"lon":16.62040805710444},{"rssi":-107,"snr":-10,"ts":1569160569148,"tmms":1253195787104,"time":"2019-09-22T13:56:08.104664000Z","gweui":"B827EBFFFFCD6770","lat":49.22356881964083,"lon":16.626209675203654},{"rssi":-113,"snr":-10,"ts":1569160569149,"time":"2019-09-22T13:56:09.136780Z","gweui":"647FDAFFFF0069C4","lat":49.18829191400415,"lon":16.532425804318223},{"rssi":-121,"snr":-6,"ts":1569160569169,"tmms":1253195787105,"time":"2019-09-22T13:56:08.104733000Z","gweui":"B827EBFFFFC8D650","lat":49.03555979999999,"lon":16.615807700000005}],"bat":204,"data":"bf1949141260016390303b0a050fd26805"}
{"cmd":"gw","seqno":131335374,"EUI":"0018B2000000185A","ts":1569160519458,"fcnt":5,"port":1,"freq":868100000,"toa":1646,"dr":"SF12 BW125 4/5","ack":false,"gws":[{"rssi":-88,"snr":-3.2,"ts":1569160519461,"tmms":1253195737424,"time":"2019-09-22T13:55:19.424452000Z","gweui":"B827EBFFFFDF9F4B","lat":49.177266995184766,"lon":16.62040805710444},{"rssi":-91,"snr":-15.8,"ts":1569160519462,"time":"2019-09-22T13:55:19.456773Z","gweui":"647FDAFFFF0069C4","lat":49.18829191400415,"lon":16.532425804318223},{"rssi":-93,"snr":0.8,"ts":1569160519512,"tmms":424,"time":"2019-09-22T13:55:19.424441000Z","gweui":"F03D29FFFF0000B9","lat":49.21557924054506,"lon":16.635406077384914},{"rssi":-99,"snr":-1.2,"ts":1569160519458,"tmms":0,"time":"2019-09-22T13:55:19.938301961Z","gweui":"647FDAFFFF006A99","lat":49.12997298850661,"lon":16.611990852535996},{"rssi":-102,"snr":-10.2,"ts":1569160519460,"tmms":1253195737424,"time":"2019-09-22T13:55:19.424441000Z","gweui":"B827EBFFFFCD6770","lat":49.22356881964083,"lon":16.626209675203654},{"rssi":-104,"snr":-16.5,"ts":1569160519471,"tmms":424,"time":"2019-09-22T13:55:19.424434000Z","gweui":"F03D29FFFF0000DE","lat":49.22252347260546,"lon":16.674682654119806},{"rssi":-112,"snr":-14.5,"ts":1569160519478,"tmms":424,"time":"2019-09-22T13:55:19.424452424Z","gweui":"024B08FFFF0500A9","lat":49.1988101,"lon":16.5795896},{"rssi":-113,"snr":-7,"ts":1569160519467,"tmms":1253195737424,"time":"2019-09-22T13:55:19.424444000Z","gweui":"B827EBFFFFDB1D51","lat":49.200309,"lon":16.60869630000002},{"rssi":-120,"snr":-5,"ts":1569160519487,"tmms":1253195737424,"time":"2019-09-22T13:55:19.424506000Z","gweui":"B827EBFFFFC8D650","lat":49.03555979999999,"lon":16.615807700000005}],"bat":204,"data":"bf1949141260016390303b08040fd56605"}
{"cmd":"gw","seqno":131335186,"EUI":"0018B2000000185A","ts":1569160469627,"fcnt":4,"port":1,"freq":868100000,"toa":1646,"dr":"SF12 BW125 4/5","ack":false,"gws":[{"rssi":-87,"snr":0.5,"ts":1569160469638,"tmms":0,"time":"2019-09-22T13:54:30.107045079Z","gweui":"647FDAFFFF006A99","lat":49.12997298850661,"lon":16.611990852535996},{"rssi":-97,"snr":-7.8,"ts":1569160469642,"tmms":1253195687593,"time":"2019-09-22T13:54:29.593222000Z","gweui":"B827EBFFFFDF9F4B","lat":49.177266995184766,"lon":16.62040805710444},{"rssi":-100,"snr":0.2,"ts":1569160469672,"tmms":593,"time":"2019-09-22T13:54:29.593212000Z","gweui":"F03D29FFFF0000B9","lat":49.21557924054506,"lon":16.635406077384914},{"rssi":-110,"snr":-0.5,"ts":1569160469627,"tmms":593,"time":"2019-09-22T13:54:29.593207000Z","gweui":"F03D29FFFF0000DE","lat":49.22252347260546,"lon":16.674682654119806},{"rssi":-113,"snr":-2.8,"ts":1569160469642,"tmms":1253195687592,"time":"2019-09-22T13:54:29.593210000Z","gweui":"B827EBFFFFCD6770","lat":49.22356881964083,"lon":16.626209675203654},{"rssi":-115,"snr":-4.8,"ts":1569160469649,"tmms":1253195687593,"time":"2019-09-22T13:54:29.593217000Z","gweui":"B827EBFFFFDB1D51","lat":49.200309,"lon":16.60869630000002},{"rssi":-115,"snr":-13,"ts":1569160469638,"tmms":593,"time":"2019-09-22T13:54:29.593222593Z","gweui":"024B08FFFF0500A9","lat":49.1988101,"lon":16.5795896},{"rssi":-117,"snr":-3.5,"ts":1569160469644,"time":"2019-09-22T13:54:29.637001Z","gweui":"647FDAFFFF0069C4","lat":49.18829191400415,"lon":16.532425804318223}],"bat":204,"data":"bf1949141260016390303b06030fd56205"}
{"cmd":"gw","seqno":131334673,"EUI":"0018B2000000185A","ts":1569160328781,"fcnt":2,"port":1,"freq":868500000,"toa":1646,"dr":"SF12 BW125 4/5","ack":false,"gws":[{"rssi":-96,"snr":6.5,"ts":1569160328826,"tmms":748,"time":"2019-09-22T13:52:08.748270000Z","gweui":"F03D29FFFF0000B9","lat":49.21557924054506,"lon":16.635406077384914},{"rssi":-102,"snr":5,"ts":1569160328788,"tmms":748,"time":"2019-09-22T13:52:08.748271748Z","gweui":"F03D29FFFF0000DE","lat":49.22252347260546,"lon":16.674682654119806},{"rssi":-105,"snr":0.5,"ts":1569160328801,"tmms":0,"time":"2019-09-22T13:52:09.262129471Z","gweui":"647FDAFFFF006A99","lat":49.12997298850661,"lon":16.611990852535996},{"rssi":-105,"snr":-8.2,"ts":1569160328801,"tmms":1253195546747,"time":"2019-09-22T13:52:08.748269000Z","gweui":"B827EBFFFFCD6770","lat":49.22356881964083,"lon":16.626209675203654},{"rssi":-114,"snr":-14,"ts":1569160328783,"tmms":1253195546748,"time":"2019-09-22T13:52:08.748279000Z","gweui":"B827EBFFFFDB1D51","lat":49.200309,"lon":16.60869630000002},{"rssi":-115,"snr":-3,"ts":1569160328802,"tmms":1253195546747,"time":"2019-09-22T13:52:08.748280000Z","gweui":"B827EBFFFFDF9F4B","lat":49.177266995184766,"lon":16.62040805710444},{"rssi":-117,"snr":-5.5,"ts":1569160328781,"time":"2019-09-22T13:52:08.776778Z","gweui":"647FDAFFFF0069C4","lat":49.18829191400415,"lon":16.532425804318223}],"bat":204,"data":"bf1849141270016390303801010fd76506"}
{"cmd":"gw","seqno":131333071,"EUI":"0018B2000000185A","ts":1569159894298,"fcnt":5,"port":1,"freq":868100000,"toa":1646,"dr":"SF12 BW125 4/5","ack":false,"gws":[{"rssi":-106,"snr":1.8,"ts":1569159894308,"tmms":254,"time":"2019-09-22T13:44:54.254253000Z","gweui":"F03D29FFFF0000DE","lat":49.22252347260546,"lon":16.674682654119806},{"rssi":-113,"snr":-4.5,"ts":1569159894300,"tmms":1253195112253,"time":"2019-09-22T13:44:54.254257999Z","gweui":"B827EBFFFFCD6770","lat":49.22356881964083,"lon":16.626209675203654},{"rssi":-119,"snr":-13.2,"ts":1569159894298,"tmms":254,"time":"2019-09-22T13:44:54.254272254Z","gweui":"024B08FFFF0500A9","lat":49.1988101,"lon":16.5795896}],"bat":204,"data":"bf1b49143860016392703c08040fd96806"}
{"cmd":"gw","seqno":131332879,"EUI":"0018B2000000185A","ts":1569159842047,"fcnt":4,"port":1,"freq":868100000,"toa":1646,"dr":"SF12 BW125 4/5","ack":false,"gws":[{"rssi":-106,"snr":-4.8,"ts":1569159842047,"tmms":1000,"time":"2019-09-22T13:44:02.000953999Z","gweui":"F03D29FFFF0000DE","lat":49.22252347260546,"lon":16.674682654119806}],"bat":204,"data":"bf1b49143860016392603b05030fd96806"}
{"cmd":"gw","seqno":131332685,"EUI":"0018B2000000185A","ts":1569159791100,"fcnt":3,"port":1,"freq":868100000,"toa":1646,"dr":"SF12 BW125 4/5","ack":false,"gws":[{"rssi":-102,"snr":-2.2,"ts":1569159791107,"tmms":1059,"time":"2019-09-22T13:43:11.059758999Z","gweui":"F03D29FFFF0000DE","lat":49.22252347260546,"lon":16.674682654119806},{"rssi":-105,"snr":-15.5,"ts":1569159791100,"tmms":1253195009060,"time":"2019-09-22T13:43:11.059760000Z","gweui":"B827EBFFFFCD6770","lat":49.22356881964083,"lon":16.626209675203654}],"bat":204,"data":"bf1b49143860016392603b03020fd96506"}
{"cmd":"gw","seqno":131334524,"EUI":"0018B2000000185A","ts":1569160288980,"fcnt":1,"port":1,"freq":868500000,"toa":1318,"dr":"SF12 BW125 4/5","ack":false,"gws":[{"rssi":-87,"snr":-10.2,"ts":1569160289018,"tmms":1253195506934,"time":"2019-09-22T13:51:28.934849000Z","gweui":"B827EBFFFFC8D650","lat":49.03555979999999,"lon":16.615807700000005},{"rssi":-102,"snr":4,"ts":1569160288988,"tmms":934,"time":"2019-09-22T13:51:28.934780000Z","gweui":"F03D29FFFF0000DE","lat":49.22252347260546,"lon":16.674682654119806},{"rssi":-111,"snr":-5.5,"ts":1569160288980,"tmms":1253195506934,"time":"2019-09-22T13:51:28.934783000Z","gweui":"B827EBFFFFCD6770","lat":49.22356881964083,"lon":16.626209675203654},{"rssi":-112,"snr":-4.8,"ts":1569160289011,"tmms":934,"time":"2019-09-22T13:51:28.934778000Z","gweui":"F03D29FFFF0000B9","lat":49.21557924054506,"lon":16.635406077384914},{"rssi":-114,"snr":-5,"ts":1569160288982,"time":"2019-09-22T13:51:28.976716Z","gweui":"647FDAFFFF0069C4","lat":49.18829191400415,"lon":16.532425804318223}],"bat":204,"data":"8e1800000fd9"}
{"cmd":"gw","seqno":131332455,"EUI":"0018B2000000185A","ts":1569159730458,"fcnt":2,"port":1,"freq":868100000,"toa":1646,"dr":"SF12 BW125 4/5","ack":false,"gws":[{"rssi":-111,"snr":-9.2,"ts":1569159730461,"tmms":1253194948424,"time":"2019-09-22T13:42:10.423575000Z","gweui":"B827EBFFFFCD6770","lat":49.22356881964083,"lon":16.626209675203654},{"rssi":-112,"snr":1.8,"ts":1569159730467,"tmms":423,"time":"2019-09-22T13:42:10.423572000Z","gweui":"F03D29FFFF0000DE","lat":49.22252347260546,"lon":16.674682654119806},{"rssi":-115,"snr":-10.5,"ts":1569159730458,"tmms":423,"time":"2019-09-22T13:42:10.423585847Z","gweui":"024B08FFFF0500A9","lat":49.1988101,"lon":16.5795896}],"bat":204,"data":"bf1b49143860016392703b01010fda6b04"}
{"cmd":"gw","seqno":131332279,"EUI":"0018B2000000185A","ts":1569159678347,"fcnt":1,"port":1,"freq":868500000,"toa":1318,"dr":"SF12 BW125 4/5","ack":false,"gws":[{"rssi":-96,"snr":1.5,"ts":1569159678347,"tmms":312,"time":"2019-09-22T13:41:18.312361000Z","gweui":"F03D29FFFF0000DE","lat":49.22252347260546,"lon":16.674682654119806},{"rssi":-108,"snr":-4,"ts":1569159678384,"tmms":312,"time":"2019-09-22T13:41:18.312358000Z","gweui":"F03D29FFFF0000B9","lat":49.21557924054506,"lon":16.635406077384914},{"rssi":-108,"snr":-13,"ts":1569159678357,"tmms":0,"time":"2019-09-22T13:41:18.826188748Z","gweui":"647FDAFFFF006A99","lat":49.12997298850661,"lon":16.611990852535996},{"rssi":-115,"snr":-3.5,"ts":1569159678361,"tmms":1253194896312,"time":"2019-09-22T13:41:18.312358000Z","gweui":"B827EBFFFFCD6770","lat":49.22356881964083,"lon":16.626209675203654},{"rssi":-121,"snr":-12.5,"ts":1569159678361,"time":"2019-09-22T13:41:18.356686Z","gweui":"647FDAFFFF0069C4","lat":49.18829191400415,"lon":16.532425804318223}],"bat":204,"data":"ae1b00000fdb"}
{"cmd":"gw","seqno":131331054,"EUI":"0018B2000000185A","ts":1569159341448,"fcnt":5,"port":1,"freq":868100000,"toa":1646,"dr":"SF12 BW125 4/5","ack":false,"gws":[{"rssi":-102,"snr":2.5,"ts":1569159341448,"tmms":409,"time":"2019-09-22T13:35:41.409245000Z","gweui":"F03D29FFFF0000DE","lat":49.22252347260546,"lon":16.674682654119806},{"rssi":-102,"snr":-6,"ts":1569159341463,"tmms":1253194559409,"time":"2019-09-22T13:35:41.409252000Z","gweui":"B827EBFFFFCD6770","lat":49.22356881964083,"lon":16.626209675203654},{"rssi":-108,"snr":-13.8,"ts":1569159341458,"tmms":409,"time":"2019-09-22T13:35:41.409265409Z","gweui":"024B08FFFF0500A9","lat":49.1988101,"lon":16.5795896},{"rssi":-113,"snr":-3,"ts":1569159341493,"tmms":409,"time":"2019-09-22T13:35:41.409252000Z","gweui":"F03D29FFFF0000B9","lat":49.21557924054506,"lon":16.635406077384914},{"rssi":-115,"snr":-8.5,"ts":1569159341458,"tmms":0,"time":"2019-09-22T13:35:41.923113238Z","gweui":"647FDAFFFF006A99","lat":49.12997298850661,"lon":16.611990852535996}],"bat":204,"data":"bf1c49145470016394503b07040fdc6b03"}
{"cmd":"gw","seqno":131330850,"EUI":"0018B2000000185A","ts":1569159284020,"fcnt":4,"port":1,"freq":868100000,"toa":1646,"dr":"SF12 BW125 4/5","ack":false,"gws":[{"rssi":-104,"snr":1.2,"ts":1569159284029,"tmms":974,"time":"2019-09-22T13:34:43.974146000Z","gweui":"F03D29FFFF0000DE","lat":49.22252347260546,"lon":16.674682654119806},{"rssi":-107,"snr":-8.2,"ts":1569159284024,"tmms":0,"time":"2019-09-22T13:34:44.488015434Z","gweui":"647FDAFFFF006A99","lat":49.12997298850661,"lon":16.611990852535996},{"rssi":-114,"snr":-11,"ts":1569159284020,"tmms":1253194501974,"time":"2019-09-22T13:34:43.974156000Z","gweui":"B827EBFFFFCD6770","lat":49.22356881964083,"lon":16.626209675203654},{"rssi":-119,"snr":-15,"ts":1569159284021,"time":"2019-09-22T13:34:44.017028Z","gweui":"647FDAFFFF0069C4","lat":49.18829191400415,"lon":16.532425804318223}],"bat":204,"data":"bf1c49145470016394503c05030fda6605"}
{"cmd":"gw","seqno":131330625,"EUI":"0018B2000000185A","ts":1569159219487,"fcnt":3,"port":1,"freq":868500000,"toa":1646,"dr":"SF12 BW125 4/5","ack":false,"gws":[{"rssi":-101,"snr":0.5,"ts":1569159219487,"tmms":448,"time":"2019-09-22T13:33:39.448006000Z","gweui":"F03D29FFFF0000DE","lat":49.22252347260546,"lon":16.674682654119806}],"bat":204,"data":"bf1c49145470016394503c03020fdc6b04"}
{"cmd":"gw","seqno":131330326,"EUI":"0018B2000000185A","ts":1569159135868,"fcnt":2,"port":1,"freq":868500000,"toa":1646,"dr":"SF12 BW125 4/5","ack":false,"gws":[{"rssi":-106,"snr":-0.8,"ts":1569159135868,"tmms":822,"time":"2019-09-22T13:32:15.822153000Z","gweui":"F03D29FFFF0000DE","lat":49.22252347260546,"lon":16.674682654119806},{"rssi":-115,"snr":-3.5,"ts":1569159135888,"tmms":822,"time":"2019-09-22T13:32:15.822160000Z","gweui":"F03D29FFFF0000B9","lat":49.21557924054506,"lon":16.635406077384914}],"bat":204,"data":"bf1d49145470016394503901010fdd6807"}
{"cmd":"gw","seqno":131330099,"EUI":"0018B2000000185A","ts":1569159078337,"fcnt":1,"port":1,"freq":868300000,"toa":1318,"dr":"SF12 BW125 4/5","ack":false,"gws":[{"rssi":-104,"snr":3,"ts":1569159078347,"tmms":295,"time":"2019-09-22T13:31:18.295022000Z","gweui":"F03D29FFFF0000DE","lat":49.22252347260546,"lon":16.674682654119806},{"rssi":-115,"snr":-7.2,"ts":1569159078363,"tmms":295,"time":"2019-09-22T13:31:18.295026000Z","gweui":"F03D29FFFF0000B9","lat":49.21557924054506,"lon":16.635406077384914},{"rssi":-115,"snr":-12.5,"ts":1569159078337,"tmms":0,"time":"2019-09-22T13:31:18.808858614Z","gweui":"647FDAFFFF006A99","lat":49.12997298850661,"lon":16.611990852535996}],"bat":204,"data":"8e1c00000fdd"}
{"cmd":"gw","seqno":131328421,"EUI":"0018B2000000185A","ts":1569158598167,"fcnt":4,"port":1,"freq":868300000,"toa":1646,"dr":"SF12 BW125 4/5","ack":false,"gws":[{"rssi":-112,"snr":-0.2,"ts":1569158598167,"tmms":1120,"time":"2019-09-22T13:23:18.120770000Z","gweui":"F03D29FFFF0000DE","lat":49.22252347260546,"lon":16.674682654119806}],"bat":204,"data":"bf1d49146490016397203a06030fdd6d01"}
{"cmd":"gw","seqno":131328225,"EUI":"0018B2000000185A","ts":1569158546227,"fcnt":3,"port":1,"freq":868100000,"toa":1646,"dr":"SF12 BW125 4/5","ack":false,"gws":[{"rssi":-108,"snr":-8,"ts":1569158546227,"tmms":1180,"time":"2019-09-22T13:22:26.180423000Z","gweui":"F03D29FFFF0000DE","lat":49.22252347260546,"lon":16.674682654119806}],"bat":204,"data":"bf1d49146490016397203804020fdf6c04"}
{"cmd":"gw","seqno":131327968,"EUI":"0018B2000000185A","ts":1569158477067,"fcnt":2,"port":1,"freq":868300000,"toa":1646,"dr":"SF12 BW125 4/5","ack":false,"gws":[{"rssi":-102,"snr":2.2,"ts":1569158477067,"tmms":1030,"time":"2019-09-22T13:21:17.030356030Z","gweui":"F03D29FFFF0000DE","lat":49.22252347260546,"lon":16.674682654119806}],"bat":204,"data":"bf1c49146500016397203702010fdf6c03"}
{"cmd":"gw","seqno":131327456,"EUI":"0018B2000000185A","ts":1569158334867,"fcnt":1,"port":1,"freq":868100000,"toa":1318,"dr":"SF12 BW125 4/5","ack":false,"gws":[{"rssi":-101,"snr":-3.2,"ts":1569158334867,"tmms":828,"time":"2019-09-22T13:18:54.828250000Z","gweui":"F03D29FFFF0000DE","lat":49.22252347260546,"lon":16.674682654119806}],"bat":204,"data":"8e1a00000fdf"}
{"cmd":"gw","seqno":131324662,"EUI":"0018B2000000185A","ts":1569157578747,"fcnt":7,"port":1,"freq":868100000,"toa":1646,"dr":"SF12 BW125 4/5","ack":false,"gws":[{"rssi":-112,"snr":-1.5,"ts":1569157578747,"tmms":699,"time":"2019-09-22T13:06:18.699397000Z","gweui":"F03D29FFFF0000DE","lat":49.22252347260546,"lon":16.674682654119806}],"bat":204,"data":"bf1c4914675001640190240a050fde6d02"}
{"cmd":"gw","seqno":131324427,"EUI":"0018B2000000185A","ts":1569157521627,"fcnt":6,"port":1,"freq":868300000,"toa":1646,"dr":"SF12 BW125 4/5","ack":false,"gws":[{"rssi":-112,"snr":-1.5,"ts":1569157521627,"tmms":579,"time":"2019-09-22T13:05:21.579113000Z","gweui":"F03D29FFFF0000DE","lat":49.22252347260546,"lon":16.674682654119806}],"bat":204,"data":"bf1c49146410016401503408040fdf6d02"}
{"cmd":"gw","seqno":131324075,"EUI":"0018B2000000185A","ts":1569157433727,"fcnt":5,"port":1,"freq":868500000,"toa":1482,"dr":"SF12 BW125 4/5","ack":false,"gws":[{"rssi":-104,"snr":-5.8,"ts":1569157433727,"tmms":676,"time":"2019-09-22T13:03:53.676532000Z","gweui":"F03D29FFFF0000DE","lat":49.22252347260546,"lon":16.674682654119806}],"bat":204,"data":"af1d06030fde6b03"}
{"cmd":"gw","seqno":131323879,"EUI":"0018B2000000185A","ts":1569157379887,"fcnt":4,"port":1,"freq":868500000,"toa":1482,"dr":"SF12 BW125 4/5","ack":false,"gws":[{"rssi":-112,"snr":-5.2,"ts":1569157379887,"tmms":853,"time":"2019-09-22T13:02:59.853289000Z","gweui":"F03D29FFFF0000DE","lat":49.22252347260546,"lon":16.674682654119806}],"bat":204,"data":"af1d04020fe16f01"}
{"cmd":"gw","seqno":131323609,"EUI":"0018B2000000185A","ts":1569157306247,"fcnt":3,"port":1,"freq":868300000,"toa":1482,"dr":"SF12 BW125 4/5","ack":false,"gws":[{"rssi":-106,"snr":-3.2,"ts":1569157306247,"tmms":1200,"time":"2019-09-22T13:01:46.200364000Z","gweui":"F03D29FFFF0000DE","lat":49.22252347260546,"lon":16.674682654119806}],"bat":204,"data":"af1d02010fdf7000"}
{"cmd":"gw","seqno":131323048,"EUI":"0018B2000000185A","ts":1569157188047,"fcnt":2,"port":1,"freq":868300000,"toa":1482,"dr":"SF12 BW125 4/5","ack":false,"gws":[{"rssi":-116,"snr":-0.8,"ts":1569157188047,"tmms":1012,"time":"2019-09-22T12:59:48.012925000Z","gweui":"F03D29FFFF0000DE","lat":49.22252347260546,"lon":16.674682654119806}],"bat":204,"data":"af1e01010fe27000"}
{"cmd":"gw","seqno":131322649,"EUI":"0018B2000000185A","ts":1569157083367,"fcnt":1,"port":1,"freq":868100000,"toa":1318,"dr":"SF12 BW125 4/5","ack":false,"gws":[{"rssi":-104,"snr":-8.8,"ts":1569157083367,"tmms":327,"time":"2019-09-22T12:58:03.327119327Z","gweui":"F03D29FFFF0000DE","lat":49.22252347260546,"lon":16.674682654119806}],"bat":204,"data":"8e1f00000fe2"}
{"cmd":"gw","seqno":131319925,"EUI":"0018B2000000185A","ts":1569156363447,"fcnt":5,"port":1,"freq":868500000,"toa":1646,"dr":"SF12 BW125 4/5","ack":false,"gws":[{"rssi":-105,"snr":-10.8,"ts":1569156363447,"tmms":406,"time":"2019-09-22T12:46:03.406810000Z","gweui":"F03D29FFFF0000DE","lat":49.22252347260546,"lon":16.674682654119806}],"bat":204,"data":"bf2149147220016400603a07040fe16f01"}
{"cmd":"gw","seqno":131319712,"EUI":"0018B2000000185A","ts":1569156305987,"fcnt":4,"port":1,"freq":868300000,"toa":1646,"dr":"SF12 BW125 4/5","ack":false,"gws":[{"rssi":-117,"snr":-19.5,"ts":1569156306003,"tmms":1253191523951,"time":"2019-09-22T12:45:05.951591000Z","gweui":"B827EBFFFFCD6770","lat":49.22356881964083,"lon":16.626209675203654},{"rssi":-118,"snr":-7.8,"ts":1569156305987,"tmms":951,"time":"2019-09-22T12:45:05.951590000Z","gweui":"F03D29FFFF0000DE","lat":49.22252347260546,"lon":16.674682654119806}],"bat":204,"data":"bf2049147220016400603a05030fe17200"}
{"cmd":"gw","seqno":131319528,"EUI":"0018B2000000185A","ts":1569156255947,"fcnt":3,"port":1,"freq":868300000,"toa":1646,"dr":"SF12 BW125 4/5","ack":false,"gws":[{"rssi":-114,"snr":-3.5,"ts":1569156255947,"tmms":900,"time":"2019-09-22T12:44:15.900179000Z","gweui":"F03D29FFFF0000DE","lat":49.22252347260546,"lon":16.674682654119806}],"bat":204,"data":"bf2049147210016400603a03020fe46c04"}
{"cmd":"gw","seqno":131319330,"EUI":"0018B2000000185A","ts":1569156196027,"fcnt":2,"port":1,"freq":868500000,"toa":1646,"dr":"SF12 BW125 4/5","ack":false,"gws":[{"rssi":-113,"snr":-5.8,"ts":1569156196027,"tmms":980,"time":"2019-09-22T12:43:15.980096000Z","gweui":"F03D29FFFF0000DE","lat":49.22252347260546,"lon":16.674682654119806}],"bat":204,"data":"bf1f49147210016400503a01010fe475fd"}
{"cmd":"gw","seqno":131319151,"EUI":"0018B2000000185A","ts":1569156145827,"fcnt":1,"port":1,"freq":868100000,"toa":1318,"dr":"SF12 BW125 4/5","ack":false,"gws":[{"rssi":-111,"snr":-5,"ts":1569156145827,"tmms":773,"time":"2019-09-22T12:42:25.773709773Z","gweui":"F03D29FFFF0000DE","lat":49.22252347260546,"lon":16.674682654119806}],"bat":204,"data":"8e1d00000fe1"}
{"cmd":"gw","seqno":131317341,"EUI":"0018B2000000185A","ts":1569155650526,"fcnt":5,"port":1,"freq":868300000,"toa":1646,"dr":"SF12 BW125 4/5","ack":false,"gws":[{"rssi":-109,"snr":-7.5,"ts":1569155650526,"tmms":478,"time":"2019-09-22T12:34:10.478973000Z","gweui":"F03D29FFFF0000DE","lat":49.22252347260546,"lon":16.674682654119806}],"bat":204,"data":"bf1d4914679001640290180c040fe572ff"}
{"cmd":"gw","seqno":131317120,"EUI":"0018B2000000185A","ts":1569155587507,"fcnt":4,"port":1,"freq":868300000,"toa":1646,"dr":"SF12 BW125 4/5","ack":false,"gws":[{"rssi":-114,"snr":-8.2,"ts":1569155587507,"tmms":462,"time":"2019-09-22T12:33:07.462081000Z","gweui":"F03D29FFFF0000DE","lat":49.22252347260546,"lon":16.674682654119806}],"bat":204,"data":"bf1c4914680001640290180a030fe673ff"}
{"cmd":"gw","seqno":131316898,"EUI":"0018B2000000185A","ts":1569155532566,"fcnt":3,"port":1,"freq":868300000,"toa":1646,"dr":"SF12 BW125 4/5","ack":false,"gws":[{"rssi":-118,"snr":-7,"ts":1569155532566,"tmms":530,"time":"2019-09-22T12:32:12.530118000Z","gweui":"F03D29FFFF0000DE","lat":49.22252347260546,"lon":16.674682654119806}],"bat":204,"data":"bf1a49146810016403001807020fe675fd"}
{"cmd":"gw","seqno":131316737,"EUI":"0018B2000000185A","ts":1569155488686,"fcnt":2,"port":1,"freq":868300000,"toa":1646,"dr":"SF12 BW125 4/5","ack":false,"gws":[{"rssi":-112,"snr":-7.2,"ts":1569155488686,"tmms":649,"time":"2019-09-22T12:31:28.649811000Z","gweui":"F03D29FFFF0000DE","lat":49.22252347260546,"lon":16.674682654119806}],"bat":204,"data":"bf1a49146800016402901804010fe77afa"}
{"cmd":"gw","seqno":131316491,"EUI":"0018B2000000185A","ts":1569155424086,"fcnt":1,"port":1,"freq":868500000,"toa":1318,"dr":"SF12 BW125 4/5","ack":false,"gws":[{"rssi":-119,"snr":-11,"ts":1569155424086,"tmms":1047,"time":"2019-09-22T12:30:24.047655000Z","gweui":"F03D29FFFF0000DE","lat":49.22252347260546,"lon":16.674682654119806}],"bat":204,"data":"8e1800000fe8"}
{"cmd":"gw","seqno":131314715,"EUI":"0018B2000000185A","ts":1569154930241,"fcnt":4,"port":1,"freq":868300000,"toa":1646,"dr":"SF12 BW125 4/5","ack":false,"gws":[{"rssi":-122,"snr":-17.5,"ts":1569154930241,"time":"2019-09-22T12:22:10.236783Z","gweui":"647FDAFFFF0069C4","lat":49.18829191400415,"lon":16.532425804318223}],"bat":204,"data":"bf1949148010016403603913010fe881f5"}
{"cmd":"gw","seqno":131314490,"EUI":"0018B2000000185A","ts":1569154865606,"fcnt":3,"port":1,"freq":868300000,"toa":1646,"dr":"SF12 BW125 4/5","ack":false,"gws":[{"rssi":-114,"snr":-11.5,"ts":1569154865606,"tmms":558,"time":"2019-09-22T12:21:05.558250000Z","gweui":"F03D29FFFF0000DE","lat":49.22252347260546,"lon":16.674682654119806}],"bat":204,"data":"be1849148020016403603a10000fe8"}
{"cmd":"gw","seqno":131312796,"EUI":"0018B2000000185A","ts":1569154391806,"fcnt":6,"port":1,"freq":868300000,"toa":1646,"dr":"SF12 BW125 4/5","ack":false,"gws":[{"rssi":-115,"snr":-12.2,"ts":1569154391806,"tmms":753,"time":"2019-09-22T12:13:11.753339000Z","gweui":"F03D29FFFF0000DE","lat":49.22252347260546,"lon":16.674682654119806}],"bat":204,"data":"be1749145550016404001a28000fe9"}
{"cmd":"gw","seqno":131298280,"EUI":"0018B2000000185A","ts":1569150591358,"fcnt":4,"port":1,"freq":868300000,"toa":1646,"dr":"SF12 BW125 4/5","ack":false,"gws":[{"rssi":-88,"snr":-13.5,"ts":1569150591358,"tmms":265,"time":"2019-09-22T11:09:51.265566000Z","gweui":"F03D29FFFF0000B9","lat":49.21557924054506,"lon":16.635406077384914}],"bat":204,"data":"bf1549139820016404001910030ff779fb"}
{"cmd":"gw","seqno":131298215,"EUI":"0018B2000000185A","ts":1569150577578,"fcnt":3,"port":1,"freq":868300000,"toa":1646,"dr":"SF12 BW125 4/5","ack":false,"gws":[{"rssi":-108,"snr":-5.2,"ts":1569150577617,"tmms":538,"time":"2019-09-22T11:09:37.538797000Z","gweui":"F03D29FFFF0000B9","lat":49.21557924054506,"lon":16.635406077384914},{"rssi":-111,"snr":-14.5,"ts":1569150577578,"tmms":538,"time":"2019-09-22T11:09:37.538797538Z","gweui":"024B08FFFF0500A9","lat":49.1988101,"lon":16.5795896}],"bat":204,"data":"bf1549139820016404001808020ff882f4"}
{"cmd":"gw","seqno":131297867,"EUI":"0018B2000000185A","ts":1569150482238,"fcnt":2,"port":1,"freq":868300000,"toa":1646,"dr":"SF12 BW125 4/5","ack":false,"gws":[{"rssi":-118,"snr":-13,"ts":1569150482238,"tmms":161,"time":"2019-09-22T11:08:02.161004000Z","gweui":"F03D29FFFF0000B9","lat":49.21557924054506,"lon":16.635406077384914}],"bat":204,"data":"bf1449139840016404101806010ff979f9"}
{"cmd":"gw","seqno":131297526,"EUI":"0018B2000000185A","ts":1569150387561,"fcnt":1,"port":1,"freq":868500000,"toa":1318,"dr":"SF12 BW125 4/5","ack":false,"gws":[{"rssi":-115,"snr":-10.8,"ts":1569150387593,"tmms":517,"time":"2019-09-22T11:06:27.517314999Z","gweui":"F03D29FFFF0000B9","lat":49.21557924054506,"lon":16.635406077384914},{"rssi":-119,"snr":-15.5,"ts":1569150387561,"tmms":1253185605517,"time":"2019-09-22T11:06:27.517312000Z","gweui":"B827EBFFFFCD6770","lat":49.22356881964083,"lon":16.626209675203654}],"bat":204,"data":"8e1400000ffa"}
{"cmd":"gw","seqno":131295033,"EUI":"0018B2000000185A","ts":1569149797320,"fcnt":4,"port":1,"freq":868500000,"toa":1646,"dr":"SF12 BW125 4/5","ack":false,"gws":[{"rssi":-116,"snr":-12.5,"ts":1569149797320,"tmms":1253185015274,"time":"2019-09-22T10:56:37.274408000Z","gweui":"B827EBFFFFCD6770","lat":49.22356881964083,"lon":16.626209675203654}],"bat":204,"data":"bf1749134940016398903809030ff87df7"}
{"cmd":"gw","seqno":131294825,"EUI":"0018B2000000185A","ts":1569149745056,"fcnt":3,"port":1,"freq":868300000,"toa":1646,"dr":"SF12 BW125 4/5","ack":false,"gws":[{"rssi":-115,"snr":-11.2,"ts":1569149745056,"tmms":998,"time":"2019-09-22T10:55:44.998037000Z","gweui":"F03D29FFFF0000B9","lat":49.21557924054506,"lon":16.635406077384914}],"bat":204,"data":"bf1649134960016399003807020ffa72ff"}
{"cmd":"gw","seqno":131294563,"EUI":"0018B2000000185A","ts":1569149681280,"fcnt":2,"port":1,"freq":868300000,"toa":1646,"dr":"SF12 BW125 4/5","ack":false,"gws":[{"rssi":-117,"snr":-9.5,"ts":1569149681280,"tmms":1253184899229,"time":"2019-09-22T10:54:41.229221000Z","gweui":"B827EBFFFFCD6770","lat":49.22356881964083,"lon":16.626209675203654},{"rssi":-120,"snr":-7.5,"ts":1569149681316,"tmms":229,"time":"2019-09-22T10:54:41.229223000Z","gweui":"F03D29FFFF0000B9","lat":49.21557924054506,"lon":16.635406077384914}],"bat":204,"data":"bf1649134960016399003805010ffc77fb"}
{"cmd":"gw","seqno":131294327,"EUI":"0018B2000000185A","ts":1569149615800,"fcnt":1,"port":1,"freq":868100000,"toa":1318,"dr":"SF12 BW125 4/5","ack":false,"gws":[{"rssi":-120,"snr":-8.2,"ts":1569149615800,"tmms":1253184833750,"time":"2019-09-22T10:53:35.750608000Z","gweui":"B827EBFFFFCD6770","lat":49.22356881964083,"lon":16.626209675203654}],"bat":204,"data":"8e1500000ffe"}
{"cmd":"gw","seqno":131292151,"EUI":"0018B2000000185A","ts":1569149069994,"fcnt":6,"port":1,"freq":868300000,"toa":1646,"dr":"SF12 BW125 4/5","ack":false,"gws":[{"rssi":-120,"snr":-17.5,"ts":1569149069994,"tmms":911,"time":"2019-09-22T10:44:29.911077911Z","gweui":"F03D29FFFF0000B9","lat":49.21557924054506,"lon":16.635406077384914}],"bat":204,"data":"bf1649135640016395803b0b050ffd6c02"}
{"cmd":"gw","seqno":131291889,"EUI":"0018B2000000185A","ts":1569148987761,"fcnt":5,"port":1,"freq":868500000,"toa":1646,"dr":"SF12 BW125 4/5","ack":false,"gws":[{"rssi":-113,"snr":-8.8,"ts":1569148987761,"tmms":1253184205711,"time":"2019-09-22T10:43:07.711364000Z","gweui":"B827EBFFFFCD6770","lat":49.22356881964083,"lon":16.626209675203654}],"bat":204,"data":"bf1549135660016395803b08040ffc7afa"}
{"cmd":"gw","seqno":131291652,"EUI":"0018B2000000185A","ts":1569148925129,"fcnt":4,"port":1,"freq":868500000,"toa":1646,"dr":"SF12 BW125 4/5","ack":false,"gws":[{"rssi":-113,"snr":-9.8,"ts":1569148925129,"tmms":1076,"time":"2019-09-22T10:42:05.076308000Z","gweui":"F03D29FFFF0000DE","lat":49.22252347260546,"lon":16.674682654119806},{"rssi":-114,"snr":-5.5,"ts":1569148925158,"tmms":1076,"time":"2019-09-22T10:42:05.076312076Z","gweui":"F03D29FFFF0000B9","lat":49.21557924054506,"lon":16.635406077384914}],"bat":204,"data":"bf1549135650016395803b06030ffd7afa"}
{"cmd":"gw","seqno":131291409,"EUI":"0018B2000000185A","ts":1569148863080,"fcnt":3,"port":1,"freq":868100000,"toa":1646,"dr":"SF12 BW125 4/5","ack":false,"gws":[{"rssi":-97,"snr":-2.5,"ts":1569148863080,"tmms":1253184081045,"time":"2019-09-22T10:41:03.045249000Z","gweui":"B827EBFFFFCD6770","lat":49.22356881964083,"lon":16.626209675203654}],"bat":204,"data":"bf1549135640016395803b03020ffb7000"}
{"cmd":"gw","seqno":131290782,"EUI":"0018B2000000185A","ts":1569148695709,"fcnt":2,"port":1,"freq":868300000,"toa":1482,"dr":"SF12 BW125 4/5","ack":false,"gws":[{"rssi":-115,"snr":-6.5,"ts":1569148695720,"tmms":1253183913671,"time":"2019-09-22T10:38:15.672000000Z","gweui":"B827EBFFFFCD6770","lat":49.22356881964083,"lon":16.626209675203654},{"rssi":-116,"snr":-4.2,"ts":1569148695784,"tmms":672,"time":"2019-09-22T10:38:15.672000000Z","gweui":"F03D29FFFF0000B9","lat":49.21557924054506,"lon":16.635406077384914},{"rssi":-116,"snr":-11.5,"ts":1569148695709,"tmms":671,"time":"2019-09-22T10:38:15.671996000Z","gweui":"F03D29FFFF0000DE","lat":49.22252347260546,"lon":16.674682654119806}],"bat":204,"data":"af1401010fff6f00"}
{"cmd":"gw","seqno":131290709,"EUI":"0018B2000000185A","ts":1569148678100,"fcnt":1,"port":1,"freq":868100000,"toa":1318,"dr":"SF12 BW125 4/5","ack":false,"gws":[{"rssi":-108,"snr":-6.5,"ts":1569148678118,"tmms":1056,"time":"2019-09-22T10:37:58.056128056Z","gweui":"F03D29FFFF0000B9","lat":49.21557924054506,"lon":16.635406077384914},{"rssi":-114,"snr":-12.8,"ts":1569148678100,"tmms":1253183896055,"time":"2019-09-22T10:37:58.056127999Z","gweui":"B827EBFFFFCD6770","lat":49.22356881964083,"lon":16.626209675203654}],"bat":204,"data":"8e1400001000"}
{"cmd":"gw","seqno":131286106,"EUI":"0018B2000000185A","ts":1569147449609,"fcnt":7,"port":1,"freq":868300000,"toa":1646,"dr":"SF12 BW125 4/5","ack":false,"gws":[{"rssi":-109,"snr":0,"ts":1569147449609,"tmms":566,"time":"2019-09-22T10:17:29.566469000Z","gweui":"F03D29FFFF0000DE","lat":49.22252347260546,"lon":16.674682654119806}],"bat":204,"data":"bf1549138160016384403a0a050fff6c04"}
{"cmd":"gw","seqno":131285826,"EUI":"0018B2000000185A","ts":1569147376709,"fcnt":6,"port":1,"freq":868500000,"toa":1646,"dr":"SF12 BW125 4/5","ack":false,"gws":[{"rssi":-97,"snr":0.2,"ts":1569147376709,"tmms":662,"time":"2019-09-22T10:16:16.662688000Z","gweui":"F03D29FFFF0000DE","lat":49.22252347260546,"lon":16.674682654119806}],"bat":204,"data":"bf1549138150016384403a090510016c03"}
{"cmd":"gw","seqno":131285586,"EUI":"0018B2000000185A","ts":1569147310948,"fcnt":5,"port":1,"freq":868300000,"toa":1646,"dr":"SF12 BW125 4/5","ack":false,"gws":[{"rssi":-109,"snr":0,"ts":1569147310948,"tmms":909,"time":"2019-09-22T10:15:10.909644000Z","gweui":"F03D29FFFF0000DE","lat":49.22252347260546,"lon":16.674682654119806},{"rssi":-113,"snr":-15.2,"ts":1569147310960,"tmms":1253182528911,"time":"2019-09-22T10:15:10.911260000Z","gweui":"B827EBFFFFCD6770","lat":49.22356881964083,"lon":16.626209675203654}],"bat":204,"data":"bf15491381600163844039060410036b04"}
{"cmd":"gw","seqno":131285279,"EUI":"0018B2000000185A","ts":1569147236498,"fcnt":4,"port":1,"freq":868300000,"toa":1646,"dr":"SF12 BW125 4/5","ack":false,"gws":[{"rssi":-113,"snr":1,"ts":1569147236509,"tmms":460,"time":"2019-09-22T10:13:56.460863460Z","gweui":"F03D29FFFF0000DE","lat":49.22252347260546,"lon":16.674682654119806},{"rssi":-116,"snr":-10,"ts":1569147236520,"tmms":460,"time":"2019-09-22T10:13:56.460858000Z","gweui":"F03D29FFFF0000B9","lat":49.21557924054506,"lon":16.635406077384914},{"rssi":-117,"snr":-17,"ts":1569147236498,"tmms":0,"time":"2019-09-22T10:13:56.974738532Z","gweui":"647FDAFFFF006A99","lat":49.12997298850661,"lon":16.611990852535996}],"bat":204,"data":"bf15491381500163844037040310046b04"}
{"cmd":"gw","seqno":131285027,"EUI":"0018B2000000185A","ts":1569147159109,"fcnt":3,"port":1,"freq":868500000,"toa":1810,"dr":"SF12 BW125 4/5","ack":true,"gws":[{"rssi":-107,"snr":-4.2,"ts":1569147159109,"tmms":1065,"time":"2019-09-22T10:12:39.065873000Z","gweui":"F03D29FFFF0000DE","lat":49.22252347260546,"lon":16.674682654119806}],"bat":203,"data":"bf15491381500163844038020210046c02"}
{"cmd":"gw","seqno":131284469,"EUI":"0018B2000000185A","ts":1569147021508,"fcnt":2,"port":1,"freq":868100000,"toa":1482,"dr":"SF12 BW125 4/5","ack":true,"gws":[{"rssi":-112,"snr":-0.8,"ts":1569147021508,"tmms":468,"time":"2019-09-22T10:10:21.468407000Z","gweui":"F03D29FFFF0000DE","lat":49.22252347260546,"lon":16.674682654119806},{"rssi":-121,"snr":-10.5,"ts":1569147021535,"tmms":468,"time":"2019-09-22T10:10:21.468405000Z","gweui":"F03D29FFFF0000B9","lat":49.21557924054506,"lon":16.635406077384914},{"rssi":-121,"snr":-15,"ts":1569147021520,"tmms":1253182239468,"time":"2019-09-22T10:10:21.468405000Z","gweui":"B827EBFFFFCD6770","lat":49.22356881964083,"lon":16.626209675203654}],"bat":204,"data":"af15010110086d03"}